[{"model": "admin.logentry", "pk": 1, "fields": {"action_time": "2021-12-28T09:53:15.340Z", "user": 1, "content_type": 7, "object_id": "1", "object_repr": "knithappens.com", "action_flag": 2, "change_message": "[{\"changed\": {\"fields\": [\"Domain name\", \"Display name\"]}}]"}}, {"model": "admin.logentry", "pk": 2, "fields": {"action_time": "2021-12-28T09:59:09.245Z", "user": 1, "content_type": 8, "object_id": "1", "object_repr": "suzannemiller1987@gmail.com", "action_flag": 2, "change_message": "[{\"changed\": {\"fields\": [\"Verified\", \"Primary\"]}}]"}}, {"model": "admin.logentry", "pk": 3, "fields": {"action_time": "2022-01-11T10:00:13.573Z", "user": 6, "content_type": 8, "object_id": "2", "object_repr": "dfu05229@gmail.com", "action_flag": 2, "change_message": "[{\"changed\": {\"fields\": [\"Verified\", \"Primary\"]}}]"}}, {"model": "admin.logentry", "pk": 4, "fields": {"action_time": "2022-01-11T13:16:22.948Z", "user": 6, "content_type": 8, "object_id": "3", "object_repr": "suzanne_miller@hotmail.co.uk", "action_flag": 2, "change_message": "[{\"changed\": {\"fields\": [\"Verified\", \"Primary\"]}}]"}}, {"model": "auth.user", "pk": 1, "fields": {"password": "pbkdf2_sha256$260000$3nHvDnYyJ0OGddgQ9iTKDa$wrggTQaxoQtpGEVZFYeHPk663M1dHrqnNCeX1n9MVD8=", "last_login": "2022-01-11T09:34:50.499Z", "is_superuser": true, "username": "suzybee1987", "first_name": "", "last_name": "", "email": "suzannemiller1987@gmail.com", "is_staff": true, "is_active": true, "date_joined": "2021-12-28T08:26:54.152Z", "groups": [], "user_permissions": []}}, {"model": "auth.user", "pk": 2, "fields": {"password": "pbkdf2_sha256$260000$hfzsNv4wJ0po4zU3ATL3w9$wcsA7ownngRBiO2sgyWchTgbxy26BCu04Dye7x+mqZU=", "last_login": null, "is_superuser": false, "username": "dfu05229", "first_name": "", "last_name": "", "email": "dfu05229@gmail.com", "is_staff": false, "is_active": true, "date_joined": "2022-01-11T09:18:01.923Z", "groups": [], "user_permissions": []}}, {"model": "auth.user", "pk": 3, "fields": {"password": "pbkdf2_sha256$260000$e5MTmTTRb1HNNF4r1x7N32$NikYOoesfXPRSXvmLnR34XdCG3QHlU/rVMBLGTIsJDY=", "last_login": "2022-01-11T09:29:44.543Z", "is_superuser": true, "username": "gitpod", "first_name": "", "last_name": "", "email": "suzannemiller1987@gmail.com", "is_staff": true, "is_active": true, "date_joined": "2022-01-11T09:20:34.363Z", "groups": [], "user_permissions": []}}, {"model": "auth.user", "pk": 4, "fields": {"password": "pbkdf2_sha256$260000$XLaE6mJ9WW6EyZcvPGChYN$EHbbZSCBOEz0KGwGyqMpQ1ENHnQLvOXyuex17iAgX0Y=", "last_login": null, "is_superuser": true, "username": "suzy", "first_name": "", "last_name": "", "email": "suzannemiller1987@gmail.com", "is_staff": true, "is_active": true, "date_joined": "2022-01-11T09:30:15.077Z", "groups": [], "user_permissions": []}}, {"model": "auth.user", "pk": 5, "fields": {"password": "pbkdf2_sha256$260000$D2dEIcT6J1SECXzSPFZMpC$QquT3HQMW5n3INw4aaIsUsQoChtxPoPNV6lKWqhvZ38=", "last_login": "2022-01-11T09:40:26.939Z", "is_superuser": true, "username": "suzymiller", "first_name": "", "last_name": "", "email": "dfu05229@gmail.com", "is_staff": true, "is_active": true, "date_joined": "2022-01-11T09:40:02.181Z", "groups": [], "user_permissions": []}}, {"model": "auth.user", "pk": 6, "fields": {"password": "pbkdf2_sha256$260000$GphtOyupMWjH8L2n96B5YB$NRvFgFCTSCsM99GqKC6gecbvSqCI7lL+lN665H6nj/k=", "last_login": "2022-01-12T09:00:13.121Z", "is_superuser": true, "username": "alfie", "first_name": "", "last_name": "", "email": "suzanne_miller@hotmail.co.uk", "is_staff": true, "is_active": true, "date_joined": "2022-01-11T09:57:03.542Z", "groups": [], "user_permissions": []}}, {"model": "sessions.session", "pk": "33fo9qut9bths27klps52r6fdyrbk4w4", "fields": {"session_data": "e30:1n7DG2:IYqQPhiRR3MCeUzPjZis44MT4W5VJzrCHyxfKlY3iK0", "expire_date": "2022-01-25T09:15:58.224Z"}}, {"model": "sessions.session", "pk": "4boxmaeeqntp4ubcqh3zdhbtdpyrvnsf", "fields": {"session_data": ".eJxVjEEOwiAQRe_C2pAWasEu3XsGMsCMRQ0YpjUa491tky50-977_y0czNPoZsbqUhSD6MXul3kIV8yriBfI5yJDyVNNXq6J3CzLU4l4O27t38EIPC5rowGN34Mmo1AphNb7hYSDwkCNpd4Gq8AYr21A0m3bmYa0BQKM3dKup4zMqWSHz3uqLzE0O8HwQJcyFTFMdcbPF0g5Rn8:1n7acf:pSSuIyWtPRBp5X3Gx2qc5m5f68QO1pN95RGXm5DOpjQ", "expire_date": "2022-01-26T10:12:53.990Z"}}, {"model": "sessions.session", "pk": "4lsxn795ff94d4ilqgc4q6nktiu5gis0", "fields": {"session_data": "e30:1n7DQe:sIJeoAULGmzbLQW1iyFOEB5zyfrG-_St04kUueDxAAo", "expire_date": "2022-01-25T09:26:56.131Z"}}, {"model": "sessions.session", "pk": "7kdkhbqhivlhe34o154d79kemt93vx8f", "fields": {"session_data": "e30:1n7DuN:6Rd7bVWPC2z1dpwPbLIreyCJxe-XFc4lEt4DHpCYNbc", "expire_date": "2022-01-25T09:57:39.093Z"}}, {"model": "sessions.session", "pk": "7y6m02k727r8pva9sjywy7e9ao6zt7fx", "fields": {"session_data": ".eJxVjjsOgzAQRO-ytWV5vTZgl-lzBrT-8EkikDBUiLsHJIqknTfzNDu0vK1Du5W8tGMCDwjiNwsc33m6QHrx1M8yztO6jEFeFXnTIp9zyp_H3f0TDFyGc605m8w5mWSYI3aNS9g00THXlbKxI5W1taSpRut0RLLRmC44rIJ1ZC5p4B78DkaBJwG6Bo9KnH89CiDw-ji-IYE_PQ:1n50b3:tSW3GS_wNmVNdDf_zlfn6ka7tXg95V4B48aDp0KGVBI", "expire_date": "2022-01-19T07:20:33.403Z"}}, {"model": "sessions.session", "pk": "8oefxhznctb2q9ykopxa4c7pjp7cgjqt", "fields": {"session_data": "eyJfc2Vzc2lvbl9leHBpcnkiOjB9:1n7DVi:4FKJlgLQ-5it3a_ExCYkTq0MLlEGTncN4dPpJ7n1lRQ", "expire_date": "2022-01-25T09:32:10.188Z"}}, {"model": "sessions.session", "pk": "a35jyj2zljlfl15zcm8db1fn23zx485x", "fields": {"session_data": "e30:1n7DGO:9UxohFzkXXv2FDLiXSfzRapayuKbWc2xJW1NbD31CbU", "expire_date": "2022-01-25T09:16:20.782Z"}}, {"model": "sessions.session", "pk": "dyi7mo5id8bkoegjlengd7tv6xqelebg", "fields": {"session_data": "eyJfc2Vzc2lvbl9leHBpcnkiOjB9:1n7DKx:ZeE2CVOACrmfhHT-4aEaDw7bwBlSttbWShks2_2FRMk", "expire_date": "2022-01-25T09:21:03.928Z"}}, {"model": "sessions.session", "pk": "f6l1a1hahb9raehlaf5w2yjmkn25oned", "fields": {"session_data": "eyJfc2Vzc2lvbl9leHBpcnkiOjB9:1n7DOe:j53YJ5wQBamsO7nhqyaFdiSxtozBe6aZ7ylocLJq11Q", "expire_date": "2022-01-25T09:24:52.300Z"}}, {"model": "sessions.session", "pk": "glg2bdvlojhs88haxw21yfwjlb8i1eyv", "fields": {"session_data": ".eJxVjMsOgjAQRf9l1qShL6As3fsNzbQdpCpgKCQi8d8FdaGzucm5Z-4KFueptXOi0cYANXDIfplDf6F-L8IZ-9PA_NBPY3RsV9i3Tew4BLoevu7fQIup3b4FkiKkoIJC9LypTOBV5Q1iWeTaNzInobUUsuTaCM-l9ko1zvDCaSPVezRRSnHoLd1vcVygzjNweIJ6BQE1z0DJT-Q7ihN1ybrFpvigHUimu24Tntu9AAOITwo:1n512o:YKxrRMwKsm7QIgdxUaZC6h1n-pIRayQNPb6l7hla8Ds", "expire_date": "2022-01-19T07:49:14.668Z"}}, {"model": "sessions.session", "pk": "i4kghlp8bsbwlbqujttikvaxfx86cn5p", "fields": {"session_data": "eyJfc2Vzc2lvbl9leHBpcnkiOjB9:1n7DTM:IT0pFoMHjYmKHPpWexzYvNv7DhXhSPaGTrdJRs2Too4", "expire_date": "2022-01-25T09:29:44.534Z"}}, {"model": "sessions.session", "pk": "loh6gro64a0j5akn3pyhl9j8ywqmlju3", "fields": {"session_data": ".eJxVjMsOgjAQRf9l1oR0-gDK0r3f0EzbQVADhkKiIfy7QFjo5p7kvhZwNE-tmxOProtQA0L263kKD-73IN6pvw15GPpp7Hy-V_IzTfl1iPy8nN2_g5ZSu60lsWbiqKMmCthUNmJVBUtUFsKERgmWxiipSjRWBlQmaN14i4U3VunjNHFK3dA7fr-68QM1SmELITLwdIN6ASw2LwN5ojyAh-od6_oFYpxI8Q:1n50nc:xXuZ4cWslS0FAv_NsVbJsfLKOQJEVQZDBtUyVZ-udcI", "expire_date": "2022-01-19T07:33:32.052Z"}}, {"model": "sessions.session", "pk": "p2kaha2zgo1a1tigcce860rdegyoowp1", "fields": {"session_data": "eyJfc2Vzc2lvbl9leHBpcnkiOjB9:1n7Ddi:LthAkFtoavzcxdD7W0zqZ_qxNjkk8yL9sCENq14crLo", "expire_date": "2022-01-25T09:40:26.930Z"}}, {"model": "sessions.session", "pk": "p6pm6afpkul0vka8hs1gvhfsaagbh0vc", "fields": {"session_data": "e30:1n7DYI:tArtdWk0H8Sv6Bsd73kex2nf8Wsh09Aynd7cPHIP4NY", "expire_date": "2022-01-25T09:34:50.494Z"}}, {"model": "sessions.session", "pk": "u9k92id2ywea4yv72p32b79swfn9e8hx", "fields": {"session_data": "e30:1n7DRd:1Mn5wB46idYL_jPjUUXb7X--eWDBe6RwD29jwHksfDQ", "expire_date": "2022-01-25T09:27:57.319Z"}}, {"model": "sessions.session", "pk": "ucn7bxl75lcph8gm841op7xvuqtlv86c", "fields": {"session_data": "e30:1n7DFn:u8YN9OxJ_3zicAPlRMIy3uIaKRibwlING6CU4U7jYHA", "expire_date": "2022-01-25T09:15:43.199Z"}}, {"model": "sessions.session", "pk": "ukxx4vner43tnttnjqg8zbdl154i3hr6", "fields": {"session_data": ".eJx9j0tuwzAMRK8ScG0Y-jqWl933DAIl0bYafwrLQZoEvnusNItmUy4IYvhmCN7B4nnt7TnRYmOABjgUfzWH_kRTXoQvnLq59PO0LtGVGSlf21R-zoGGjxf7FtBj6ne3QFKEFFRQiJ63tQm8rr1BPFZM-1YyElpLIY9cG-G51F6p1hleOW2keoYmSinOk6Wf77hcoeGCmYqxAhx20NxB5xZXGpN1V3uh2PVrlgb0tNMFhNNhyOLhMi9ppf0rvm0FSPNmTPFGWRAlG0doxA78Tk-4-veI2PZ6AE8fbuo:1n51N3:e6PXDP8UCu7Glaebkta8vm62rh-R6mAxvuaovJ-L3VY", "expire_date": "2022-01-19T08:10:09.330Z"}}, {"model": "sites.site", "pk": 1, "fields": {"domain": "knithappens.com", "name": "Knit Happens"}}, {"model": "account.emailaddress", "pk": 1, "fields": {"user": 1, "email": "suzannemiller1987@gmail.com", "verified": true, "primary": true}}, {"model": "account.emailaddress", "pk": 2, "fields": {"user": 2, "email": "dfu05229@gmail.com", "verified": true, "primary": true}}, {"model": "account.emailaddress", "pk": 3, "fields": {"user": 6, "email": "suzanne_miller@hotmail.co.uk", "verified": true, "primary": true}}, {"model": "products.category", "pk": 1, "fields": {"name": "alpaca", "friendly_name": "Alpaca"}}, {"model": "products.category", "pk": 2, "fields": {"name": "angora", "friendly_name": "Angora"}}, {"model": "products.category", "pk": 3, "fields": {"name": "camel_hair", "friendly_name": "Camel Hair"}}, {"model": "products.category", "pk": 4, "fields": {"name": "cashmere", "friendly_name": "Cashmere"}}, {"model": "products.category", "pk": 5, "fields": {"name": "lambswool", "friendly_name": "Lambswool"}}, {"model": "products.category", "pk": 6, "fields": {"name": "melton", "friendly_name": "Melton"}}, {"model": "products.category", "pk": 7, "fields": {"name": "merino", "friendly_name": "Merino"}}, {"model": "products.category", "pk": 8, "fields": {"name": "mohair", "friendly_name": "Mohair"}}, {"model": "products.category", "pk": 9, "fields": {"name": "shetland", "friendly_name": "Shetland"}}, {"model": "products.category", "pk": 10, "fields": {"name": "cotton", "friendly_name": "Cotton"}}, {"model": "products.category", "pk": 11, "fields": {"name": "bamboo", "friendly_name": "Bamboo"}}, {"model": "products.category", "pk": 12, "fields": {"name": "metal", "friendly_name": "Metal"}}, {"model": "products.category", "pk": 13, "fields": {"name": "oak", "friendly_name": "Oak"}}, {"model": "products.category", "pk": 14, "fields": {"name": "wooden", "friendly_name": "Wooden"}}, {"model": "products.category", "pk": 15, "fields": {"name": "carbon_fibre", "friendly_name": "Carbon Fibre"}}, {"model": "products.category", "pk": 16, "fields": {"name": "knitting_pattern", "friendly_name": "Knitting Pattern"}}, {"model": "products.category", "pk": 17, "fields": {"name": "5.5mm", "friendly_name": "5.5mm/US size 9/UK size 5"}}, {"model": "products.category", "pk": 18, "fields": {"name": "6mm", "friendly_name": "6.0mm/US size 10/UK size 4"}}, {"model": "products.category", "pk": 19, "fields": {"name": "6.5mm", "friendly_name": "6.5mm/US size 10.5/UK size 3"}}, {"model": "products.category", "pk": 20, "fields": {"name": "7mm", "friendly_name": "7.0mm/UK size 2"}}, {"model": "products.category", "pk": 21, "fields": {"name": "7.5mm", "friendly_name": "7.5mm/UK size 1"}}, {"model": "products.category", "pk": 22, "fields": {"name": "8mm", "friendly_name": "8mm/US size 11/UK size 0"}}, {"model": "products.product", "pk": 1, "fields": {"category": 5, "sku": "woo-lam-pin-5", "name": "'Lambie' Bah Sleep, 200g", "colour": "Pink, purple and blue-green", "description": "Variegated yarn made of lambswool in variety of colours, hand wash only", "has_sizes": false, "has_weights": true, "price": "8.99", "image_url": "https://images.pexels.com/photos/7179228/pexels-photo-7179228.jpeg?auto=compress&cs=tinysrgb&h=750&w=1260", "image": "7179228.jpg"}}, {"model": "products.product", "pk": 2, "fields": {"category": 6, "sku": "woo-ron-gra-6", "name": "3 pack 'Ronan' Bah Sleep, 3 x 100g", "colour": "Grey, black and yellow", "description": "100% Melton wool, hand wash only", "has_sizes": false, "has_weights": true, "price": "26.99", "image_url": "https://images.pexels.com/photos/2061918/pexels-photo-2061918.jpeg?auto=compress&cs=tinysrgb&dpr=2&h=750&w=1260", "image": "2061918.jpg"}}, {"model": "products.product", "pk": 3, "fields": {"category": 7, "sku": "mer-fai-cho-7", "name": "4 pack 'Fairy' red mix, 4 x 100g", "colour": "Chocolate, ruby, autumn, denim", "description": "100% merino, machine wash at 30°C", "has_sizes": false, "has_weights": true, "price": "46.99", "image_url": "https://images.pexels.com/photos/2062069/pexels-photo-2062069.jpeg?auto=compress&cs=tinysrgb&dpr=2&h=750&w=1260", "image": "2062069.jpg"}}, {"model": "products.product", "pk": 4, "fields": {"category": 1, "sku": "alp-gho-ivory-1", "name": "3 pack 'Ghost' white mix, 3 x 50g", "colour": "Ivory", "description": "100% alpaca, hand wash only", "has_sizes": false, "has_weights": true, "price": "28.99", "image_url": "https://images.pexels.com/photos/2070642/pexels-photo-2070642.jpeg?auto=compress&cs=tinysrgb&dpr=2&h=750&w=1260", "image": "2070642.jpg"}}, {"model": "products.product", "pk": 5, "fields": {"category": 1, "sku": "mer-fai-cho-1", "name": "3 pack 'Ghost' blue mix, 3 x 50g", "colour": "Blue Skies", "description": "100% alpaca, hand wash only", "has_sizes": false, "has_weights": true, "price": "28.99", "image_url": "https://images.pexels.com/photos/2070685/pexels-photo-2070685.jpeg?auto=compress&cs=tinysrgb&dpr=2&h=750&w=1260", "image": "2070685.jpg"}}, {"model": "products.product", "pk": 6, "fields": {"category": 1, "sku": "alp-que-sky-1", "name": "3 pack 'Quenti' Alpaca, 3 x 50g", "colour": "Sky blue and ivory", "description": "100% alpaca, hand wash only", "has_sizes": false, "has_weights": true, "price": "23.99", "image_url": "https://images.pexels.com/photos/2070647/pexels-photo-2070647.jpeg?auto=compress&cs=tinysrgb&dpr=2&h=750&w=1260", "image": "2070647.jpg"}}, {"model": "products.product", "pk": 7, "fields": {"category": 1, "sku": "alp-que-ivo-1", "name": "3 pack'Quenti' Alpaca, 3 x 50g", "colour": "Ivory", "description": "100% alpaca, hand wash only", "has_sizes": false, "has_weights": true, "price": "21.99", "image_url": "https://images.pexels.com/photos/2070670/pexels-photo-2070670.jpeg?auto=compress&cs=tinysrgb&dpr=2&h=750&w=1260", "image": "2070670.jpg"}}, {"model": "products.product", "pk": 8, "fields": {"category": 7, "sku": "mer-reb-den-7", "name": "4 pack 'Rebel' merino, 4 x 50g", "colour": "Denim, red, cafe au lait and cream", "description": "100% merino wool, hand wash only", "has_sizes": false, "has_weights": true, "price": "30.99", "image_url": "https://images.pexels.com/photos/2070676/pexels-photo-2070676.jpeg?auto=compress&cs=tinysrgb&dpr=2&h=750&w=1260", "image": "2070676.jpg"}}, {"model": "products.product", "pk": 9, "fields": {"category": 7, "sku": "mer-kno-blu-7", "name": "4 pack 'Knotty Habit' merino, 4 x 50g", "colour": "Blue range", "description": "100% merino wool, hand wash only", "has_sizes": false, "has_weights": true, "price": "28.99", "image_url": "https://images.pexels.com/photos/2070681/pexels-photo-2070681.jpeg?auto=compress&cs=tinysrgb&dpr=2&h=750&w=1260", "image": "2070681.jpg"}}, {"model": "products.product", "pk": 10, "fields": {"category": 2, "sku": "alp-gho-gre-2", "name": "3 pack 'Ghost' white mix, 3 x 50g", "colour": "Grey Skies", "description": "100% angora, hand wash only", "has_sizes": false, "has_weights": true, "price": "8.99", "image_url": "https://images.pexels.com/photos/2070684/pexels-photo-2070684.jpeg?auto=compress&cs=tinysrgb&dpr=1&w=500", "image": "2070684.jpg"}}, {"model": "products.product", "pk": 11, "fields": {"category": 7, "sku": "mer-cow-sal-7", "name": "2 pack 'cowgirlblues' salmon, 2 x 100g", "colour": "Salmon", "description": "100% merino, superwash", "has_sizes": false, "has_weights": true, "price": "14.99", "image_url": "https://images.pexels.com/photos/2070687/pexels-photo-2070687.jpeg?auto=compress&cs=tinysrgb&dpr=1&w=500", "image": "2070687.jpg"}}, {"model": "products.product", "pk": 12, "fields": {"category": 10, "sku": "cot-moy-ban-10", "name": "'Moya' chunky 100% cotton", "colour": "Banana", "description": "1 pack of 100% cotton, machine wash 30°C", "has_sizes": false, "has_weights": true, "price": "4.99", "image_url": "https://images.pexels.com/photos/2399113/pexels-photo-2399113.jpeg?auto=compress&cs=tinysrgb&dpr=1&w=500", "image": "2399113.jpg"}}, {"model": "products.product", "pk": 13, "fields": {"category": 7, "sku": "mer-kno-blu-7", "name": "3 pack 'Knotty Habit' blue mix, 3 x 50g", "colour": "Blue mix", "description": "3 pack of 100% merino wool, hand wash only", "has_sizes": false, "has_weights": true, "price": "21.99", "image_url": "https://images.pexels.com/photos/2399121/pexels-photo-2399121.jpeg?auto=compress&cs=tinysrgb&dpr=1&w=500", "image": "2399121.jpg"}}, {"model": "products.product", "pk": 14, "fields": {"category": 7, "sku": "mer-cow-bri-7", "name": "4 pack 'cowgirlblues' brick, 4 x 100g", "colour": "Brick combo", "description": "100% merino sock wool, superwash", "has_sizes": false, "has_weights": true, "price": "30.99", "image_url": "https://images.pexels.com/photos/2399122/pexels-photo-2399122.jpeg?auto=compress&cs=tinysrgb&dpr=1&w=500", "image": "2399122.jpg"}}, {"model": "products.product", "pk": 15, "fields": {"category": 6, "sku": "mer-kno-for-6", "name": "2 pack 'Knotty Habit' forest, 2 x 100g", "colour": "Forest", "description": "2 x 100g, 100% melton", "has_sizes": false, "has_weights": true, "price": "12.99", "image_url": "https://images.pexels.com/photos/2399125/pexels-photo-2399125.jpeg?auto=compress&cs=tinysrgb&dpr=1&w=500", "image": "2399125.jpg"}}, {"model": "products.product", "pk": 16, "fields": {"category": 1, "sku": "alp-pen-ros-1", "name": "3 pack 'Penny' pastel, 3 x 100g", "colour": "rose, pink, pistachio", "description": "100% alpaca, machine wash at 30°C", "has_sizes": false, "has_weights": true, "price": "22.99", "image_url": "https://images.pexels.com/photos/2399128/pexels-photo-2399128.jpeg?auto=compress&cs=tinysrgb&dpr=1&w=500", "image": "2399128.jpg"}}, {"model": "products.product", "pk": 17, "fields": {"category": 7, "sku": "mer-kno-van-7", "name": "3 pack 'Knotty Habit' ice cream mix, 3 x 50g", "colour": "Vanilla, chocolate, raspberry", "description": "100 merino, superwash", "has_sizes": false, "has_weights": true, "price": "20.99", "image_url": "https://images.pexels.com/photos/2399132/pexels-photo-2399132.jpeg?auto=compress&cs=tinysrgb&dpr=1&w=500", "image": "2399132.jpg"}}, {"model": "products.product", "pk": 18, "fields": {"category": 1, "sku": "alp-que-gre-1", "name": "3 pack'Quenti' Alpaca, 3 x 100g", "colour": "Grey", "description": "3 x 100g, 100% alpaca, superwash", "has_sizes": false, "has_weights": true, "price": "14.99", "image_url": "https://images.pexels.com/photos/2399133/pexels-photo-2399133.jpeg?auto=compress&cs=tinysrgb&dpr=1&w=500", "image": "2399133.jpg"}}, {"model": "products.product", "pk": 19, "fields": {"category": 7, "sku": "mer-lun-blu-7", "name": "2 pack 'Luna Fibers' Merino, 2 x 100g ", "colour": "Blue-white, variegated", "description": "2 x 100g, 100% Merino wool, handwash only", "has_sizes": false, "has_weights": true, "price": "12.99", "image_url": "https://images.pexels.com/photos/2429058/pexels-photo-2429058.jpeg?auto=compress&cs=tinysrgb&dpr=1&w=500", "image": "2429058.jpg"}}, {"model": "products.product", "pk": 20, "fields": {"category": 7, "sku": "mer-cow-rub-7", "name": "'cowgirlblues', Merino 100g", "colour": "Ruby Red", "description": "100% Merino wool, handwash only", "has_sizes": false, "has_weights": true, "price": "4.99", "image_url": "https://images.pexels.com/photos/2429082/pexels-photo-2429082.jpeg?auto=compress&cs=tinysrgb&dpr=1&w=500", "image": "2429082.jpg"}}, {"model": "products.product", "pk": 21, "fields": {"category": 10, "sku": "cot-dre-pur-10", "name": "4 pack 'Dreambow' cotton, 4 x 100g", "colour": "Purple Rain", "description": "100% cotton, machine wash at 30°C", "has_sizes": false, "has_weights": true, "price": "16.99", "image_url": "https://images.pexels.com/photos/2767653/pexels-photo-2767653.jpeg?auto=compress&cs=tinysrgb&dpr=1&w=500", "image": "2767653.jpg"}}, {"model": "products.product", "pk": 22, "fields": {"category": 7, "sku": "mer-lun-dar-7", "name": "2 pack 'Luna Fibers' Merino Wool, 2 x 100g", "colour": "Daring Red", "description": "100% Merino Wool, hand wash only", "has_sizes": false, "has_weights": true, "price": "12.99", "image_url": "https://images.pexels.com/photos/2767655/pexels-photo-2767655.jpeg?auto=compress&cs=tinysrgb&dpr=1&w=500", "image": "2767655.jpg"}}, {"model": "products.product", "pk": 23, "fields": {"category": 1, "sku": "alp-kal-red-1", "name": "'Kaleidoscope' chunky, 100g", "colour": "Red", "description": "100% Alpaca, superwash", "has_sizes": false, "has_weights": true, "price": "7.99", "image_url": "https://images.pexels.com/photos/2767657/pexels-photo-2767657.jpeg?auto=compress&cs=tinysrgb&dpr=1&w=500", "image": "2767657.jpg"}}, {"model": "products.product", "pk": 24, "fields": {"category": 8, "sku": "var-kal-gre-8", "name": "'Kaleidoscope', 'Eco-Fusion', 'Moya' bumper pack", "colour": "Green", "description": "Bumper pack of 'Kaleidoscope', 'Eco-Fusion', 'Moya' in green tones. 100% mohair", "has_sizes": false, "has_weights": true, "price": "12.99", "image_url": "https://images.pexels.com/photos/2767667/pexels-photo-2767667.jpeg?auto=compress&cs=tinysrgb&dpr=1&w=500", "image": "2767667.jpg"}}, {"model": "products.product", "pk": 25, "fields": {"category": 8, "sku": "var-kal-blu-8", "name": "'Kaleidoscope', 'Eco-Fusion', 'Moya' bumper pack", "colour": "Blue", "description": "Bumper pack of 'Kaleidoscope', 'Eco-Fusion', 'Moya' in blue tones. 100% mohair", "has_sizes": false, "has_weights": true, "price": "12.99", "image_url": "https://images.pexels.com/photos/2767685/pexels-photo-2767685.jpeg?auto=compress&cs=tinysrgb&dpr=1&w=500", "image": "2767685.jpg"}}, {"model": "products.product", "pk": 26, "fields": {"category": 8, "sku": "var-kal-pin-8", "name": "'Kaleidoscope', 'Eco-Fusion', 'Moya' bumper pack", "colour": "Pink", "description": "Bumper pack of 'Kaleidoscope', 'Eco-Fusion', 'Moya' in pink tones. 100% mohair", "has_sizes": false, "has_weights": true, "price": "12.99", "image_url": "https://images.pexels.com/photos/2767687/pexels-photo-2767687.jpeg?auto=compress&cs=tinysrgb&dpr=1&w=500", "image": "2767687.jpg"}}, {"model": "products.product", "pk": 27, "fields": {"category": 1, "sku": "alp-eco-red-1", "name": "'Eco-Fusion' alpaca 50g", "colour": "Red", "description": "100% alpaca wool, machine washable at 30°C", "has_sizes": false, "has_weights": true, "price": "4.99", "image_url": "https://images.pexels.com/photos/2767689/pexels-photo-2767689.jpeg?auto=compress&cs=tinysrgb&dpr=1&w=500", "image": "2767689.jpg"}}, {"model": "products.product", "pk": 28, "fields": {"category": 7, "sku": "mer-luc-lav-7", "name": "'Lucious Lavender' 4 x 100g ", "colour": "Lavender", "description": "100% merino, machine washable at 30°C", "has_sizes": false, "has_weights": true, "price": "29.99", "image_url": "https://images.pexels.com/photos/7179222/pexels-photo-7179222.jpeg?auto=compress&cs=tinysrgb&dpr=1&w=500", "image": "7179222.jpg"}}, {"model": "products.product", "pk": 29, "fields": {"category": 7, "sku": "mer-day-var-7", "name": "Day at the Park, 5 x 100g", "colour": "Variegated pink, green, yellow, grey", "description": "100% merino, handwash only", "has_sizes": false, "has_weights": true, "price": "34.99", "image_url": "https://images.pexels.com/photos/7179225/pexels-photo-7179225.jpeg?auto=compress&cs=tinysrgb&dpr=1&w=500", "image": "7179225.jpg"}}, {"model": "products.product", "pk": 30, "fields": {"category": 7, "sku": "mer-day-var-7", "name": "Day at the Park, 5 x 100g", "colour": "Variegated pink, green, yellow, grey", "description": "100% merino, handwash only", "has_sizes": false, "has_weights": true, "price": "32.99", "image_url": "https://images.pexels.com/photos/7179228/pexels-photo-7179228.jpeg?auto=compress&cs=tinysrgb&dpr=1&w=500", "image": "7179228.jpg"}}, {"model": "products.product", "pk": 31, "fields": {"category": 2, "sku": "ang-sim-lav-2", "name": "Simple Days, 3 x 100g", "colour": "Lavender daisies", "description": "100% angora wool, hand wash only", "has_sizes": false, "has_weights": true, "price": "23.99", "image_url": "https://images.pexels.com/photos/7179261/pexels-photo-7179261.jpeg?auto=compress&cs=tinysrgb&dpr=1&w=500", "image": "7179261.jpg"}}, {"model": "products.product", "pk": 32, "fields": {"category": 3, "sku": "cam-dol-pur-3", "name": "'Dollface' 4 x 100g", "colour": "Purple Paradise Pack", "description": "100% Camel Hair wool, hand wash only", "has_sizes": false, "has_weights": true, "price": "31.99", "image_url": "https://images.pexels.com/photos/7179266/pexels-photo-7179266.jpeg?auto=compress&cs=tinysrgb&dpr=1&w=500", "image": "7179266.jpg"}}, {"model": "products.product", "pk": 33, "fields": {"category": 3, "sku": "cam-dol-ras-3", "name": "'Dollface' 4 x 100g", "colour": "Raspberry Ripple & Vanilla", "description": "100% Camel Hair wool, hand wash only", "has_sizes": false, "has_weights": true, "price": "31.99", "image_url": "https://images.pexels.com/photos/7179283/pexels-photo-7179283.jpeg?auto=compress&cs=tinysrgb&dpr=1&w=500", "image": "7179283.jpg"}}, {"model": "products.product", "pk": 34, "fields": {"category": 3, "sku": "cam-dol-van-3", "name": "'Dollface' 4 x 100g", "colour": "Raspberry Ripple & Blueberry Sorbet", "description": "100% Camel Hair wool, hand wash only", "has_sizes": false, "has_weights": true, "price": "31.99", "image_url": "https://images.pexels.com/photos/7188989/pexels-photo-7188989.jpeg?auto=compress&cs=tinysrgb&dpr=1&w=500", "image": "7188989.jpg"}}, {"model": "products.product", "pk": 35, "fields": {"category": 3, "sku": "cam-dol-del-3", "name": "'Dollface' 3 x 100g", "colour": "Raspberry Delight", "description": "100% Camel Hair wool, hand wash only", "has_sizes": false, "has_weights": true, "price": "23.99", "image_url": "https://images.pexels.com/photos/7188997/pexels-photo-7188997.jpeg?auto=compress&cs=tinysrgb&dpr=1&w=500", "image": "7188997.jpg"}}, {"model": "products.product", "pk": 36, "fields": {"category": 4, "sku": "cas-emb-per-4", "name": "'Embellish' 2 x 100g", "colour": "Periwinkle", "description": "100% Cashmere wool, hand wash only", "has_sizes": false, "has_weights": true, "price": "23.99", "image_url": "https://images.pexels.com/photos/7188999/pexels-photo-7188999.jpeg?auto=compress&cs=tinysrgb&dpr=1&w=500", "image": "7188999.jpg"}}, {"model": "products.product", "pk": 37, "fields": {"category": 4, "sku": "cas-bow-sun-4", "name": "'Bowling for Wool' 3 x 100g", "colour": "Sunset Beach", "description": "100% Cashmere wool, hand wash only", "has_sizes": false, "has_weights": true, "price": "31.99", "image_url": "https://images.pexels.com/photos/7244805/pexels-photo-7244805.jpeg?auto=compress&cs=tinysrgb&dpr=1&w=500", "image": "7244805.jpg"}}, {"model": "products.product", "pk": 38, "fields": {"category": 2, "sku": "ang-bow-tur-2", "name": "'Bowling for Wool' 3 x 100g", "colour": "Turquoise Dance", "description": "100% Angora wool, hand wash only", "has_sizes": false, "has_weights": true, "price": "31.99", "image_url": "https://images.pexels.com/photos/7244809/pexels-photo-7244805.jpeg?auto=compress&cs=tinysrgb&dpr=1&w=500", "image": "7244809.jpg"}}, {"model": "products.product", "pk": 39, "fields": {"category": 11, "sku": "bam-kni-bam-11", "name": "'Knitting Pro' Bamboo Knitting Needles", "colour": "Bamboo", "description": "Bamboo straight Knitting Needles", "has_sizes": true, "has_weights": false, "price": "3.99", "image_url": "https://images.pexels.com/photos/2061918/pexels-photo-2061918.jpeg?auto=compress&cs=tinysrgb&dpr=1&w=500", "image": "2061918.jpg"}}, {"model": "products.product", "pk": 40, "fields": {"category": 14, "sku": "bam-kni-woo-14", "name": "'Knitting Pro' Wooden Knitting Needles", "colour": "Bamboo", "description": "Wooden straight Knitting Needles", "has_sizes": true, "has_weights": false, "price": "2.99", "image_url": "https://images.pexels.com/photos/2062061/pexels-photo-2062061.jpeg?auto=compress&cs=tinysrgb&dpr=1&w=500", "image": "2062061.jpg"}}, {"model": "products.product", "pk": 41, "fields": {"category": 13, "sku": "oak-bol-oak-13", "name": "'Bold Choice' crochet hook", "colour": "Oak", "description": "100% oak crochet hook with knobbled grip", "has_sizes": true, "has_weights": false, "price": "5.99", "image_url": "https://images.pexels.com/photos/2399133/pexels-photo-2399133.jpeg?auto=compress&cs=tinysrgb&dpr=1&w=500", "image": "2399133.jpg"}}, {"model": "products.product", "pk": 42, "fields": {"category": 16, "sku": "var-que-kni-16", "name": "'Quenti Alpaca' Cushion Cover Knitting Pattern", "colour": "Various", "description": "Knitting pattern for cable knit cushion with buttons. 100 x 100 stitches 10cm swatch 5.0mm needle", "has_sizes": false, "has_weights": false, "price": "5.99", "image_url": "https://images.pexels.com/photos/2399133/pexels-photo-2399133.jpeg?auto=compress&cs=tinysrgb&dpr=1&w=500", "image": "2399133.jpg"}}, {"model": "products.product", "pk": 43, "fields": {"category": 12, "sku": "met-bol-met-12", "name": "'Bold Choice' Circular Knitting Needles", "colour": "metal", "description": "Metal Circular Knitting Needles with 80cm wire", "has_sizes": true, "has_weights": false, "price": "9.99", "image_url": "https://images.pexels.com/photos/2429082/pexels-photo-2429082.jpeg?auto=compress&cs=tinysrgb&dpr=1&w=500", "image": "2429082.jpg"}}, {"model": "products.product", "pk": 44, "fields": {"category": 12, "sku": "cre-spe-cro-12", "name": "'Special Choice' crochet hook", "colour": "Cream", "description": "Crochet hook with plastic handle", "has_sizes": true, "has_weights": false, "price": "2.97", "image_url": "https://images.pexels.com/photos/7244809/pexels-photo-7244805.jpeg?auto=compress&cs=tinysrgb&dpr=1&w=500", "image": "7244809.jpg"}}, {"model": "products.product", "pk": 45, "fields": {"category": 16, "sku": "var-aut-kni-16", "name": "'Autograph' 3 x jumper knitting patterns", "colour": "Various", "description": "3 knitting patterns for ribbed jumpers 100 x 100 stitches 10cm swatch 5.0mm needle", "has_sizes": false, "has_weights": false, "price": "12.99", "image_url": "https://www.pexels.com/photo/close-up-photo-of-three-sweatshirts-1030946/", "image": "combo-jumpers.jpg"}}, {"model": "products.product", "pk": 46, "fields": {"category": 16, "sku": "var-she-kni-16", "name": "'Sheepish' cable knit blanket pattern", "colour": "various", "description": "Knitting pattern for cable knit blanket. Various sizes displayed using 5.0mm, 6.0mm and 7.0mm knitting needles. Cable needle required. ", "has_sizes": false, "has_weights": false, "price": "3.99", "image_url": "https://www.pexels.com/photo/stack-of-warm-scarfs-on-table-5704188/", "image": "cable-blanket.jpg"}}, {"model": "products.product", "pk": 47, "fields": {"category": 16, "sku": "var-mad-rib-16", "name": "'Madison' knitted jumper pattern", "colour": "various", "description": "Ribbed collar knitted jumper pattern using size 5.0mm needles", "has_sizes": false, "has_weights": false, "price": "4.97", "image_url": "https://www.pexels.com/photo/woolen-sweater-put-on-back-of-chair-4210854/", "image": "sweater.jpg"}}, {"model": "products.product", "pk": 48, "fields": {"category": 16, "sku": "bro-slo-slo-16", "name": "'Slopey' sweater knitting pattern", "colour": "Brown, cream", "description": "Slopey sweater knitting pattern using size 6.0mm knitting needles", "has_sizes": false, "has_weights": false, "price": "4.99", "image_url": "https://www.pexels.com/photo/woman-wearing-a-knitted-sweater-holding-a-wreath-5709905/", "image": "stripey-sweater.jpg"}}, {"model": "products.product", "pk": 49, "fields": {"category": 16, "sku": "", "name": "'Ohio' ribbed hat knitting pattern", "colour": "various", "description": "Ribbed knitting pattern for cosy hat for the winter. Made up using 4.0mm knitting needles.", "has_sizes": false, "has_weights": false, "price": "3.99", "image_url": "https://www.pexels.com/photo/contemplative-ethnic-woman-with-curly-hair-in-snowfall-7585607/", "image": "ribbed-hat.jpg"}}, {"model": "products.product", "pk": 50, "fields": {"category": 1, "sku": "102313", "name": "Superknit", "colour": "Blue", "description": "Test", "has_sizes": true, "has_weights": false, "price": "12.99", "image_url": null, "image": ""}}, {"model": "products.product", "pk": 51, "fields": {"category": 1, "sku": "102313", "name": "test", "colour": "test", "description": "test", "has_sizes": false, "has_weights": false, "price": "12.99", "image_url": null, "image": ""}}, {"model": "checkout.order", "pk": 1, "fields": {"order_number": "04CD1421DD9B4E7B9722515DD6647A7F", "user_profile": null, "full_name": "Mrs Suzy Bennett", "email": "dfu05229@gmail.com", "phone_number": "+447969232282", "country": "United Kingdom", "postcode": "M25 9NA", "town_or_city": "Prestwich", "street_address1": "40 Sandy Lane", "street_address2": null, "county": null, "date": "2022-01-07T12:37:38.483Z", "delivery_cost": "4.70", "order_total": "46.99", "grand_total": "51.69", "original_bag": "", "stripe_pid": ""}}, {"model": "checkout.order", "pk": 2, "fields": {"order_number": "231FFFFD949C4825A92D8E427687980D", "user_profile": null, "full_name": "Mrs Suzy Bennett", "email": "dfu05229@gmail.com", "phone_number": "+447969232282", "country": "United Kingdom", "postcode": "M25 9NA", "town_or_city": "Prestwich", "street_address1": "40 Sandy Lane", "street_address2": null, "county": null, "date": "2022-01-07T13:19:33.477Z", "delivery_cost": "4.00", "order_total": "39.98", "grand_total": "43.98", "original_bag": "", "stripe_pid": ""}}, {"model": "checkout.order", "pk": 3, "fields": {"order_number": "7D3034A0386540D2944A422FAF53031A", "user_profile": null, "full_name": "Mrs Suzy Bennett", "email": "dfu05229@gmail.com", "phone_number": "+447969232282", "country": "United Kingdom", "postcode": "M25 9NA", "town_or_city": "Prestwich", "street_address1": "40 Sandy Lane", "street_address2": null, "county": null, "date": "2022-01-07T15:23:04.711Z", "delivery_cost": "0.00", "order_total": "52.98", "grand_total": "52.98", "original_bag": "", "stripe_pid": ""}}, {"model": "checkout.order", "pk": 4, "fields": {"order_number": "E9EDC13CF3C749EBA9500A0D1E9B9F93", "user_profile": null, "full_name": "Mrs Suzy Bennett", "email": "dfu05229@gmail.com", "phone_number": "+447969232282", "country": "United Kingdom", "postcode": "M25 9NA", "town_or_city": "Prestwich", "street_address1": "40 Sandy Lane", "street_address2": null, "county": null, "date": "2022-01-07T15:24:35.701Z", "delivery_cost": "4.70", "order_total": "46.99", "grand_total": "51.69", "original_bag": "", "stripe_pid": ""}}, {"model": "checkout.order", "pk": 5, "fields": {"order_number": "163E168F34D948E9A60DACE454F3A891", "user_profile": null, "full_name": "Mrs Suzy Bennett", "email": "dfu05229@gmail.com", "phone_number": "+447969232282", "country": "United Kingdom", "postcode": "M25 9NA", "town_or_city": "Prestwich", "street_address1": "40 Sandy Lane", "street_address2": null, "county": null, "date": "2022-01-07T15:29:26.017Z", "delivery_cost": "0.90", "order_total": "8.99", "grand_total": "9.89", "original_bag": "", "stripe_pid": ""}}, {"model": "checkout.order", "pk": 6, "fields": {"order_number": "3D082D737CB94581BBBE446E28999693", "user_profile": null, "full_name": "Mrs Suzy Bennett", "email": "dfu05229@gmail.com", "phone_number": "+447969232282", "country": "GB", "postcode": "M25 9NA", "town_or_city": "Prestwich", "street_address1": "40 Sandy Lane", "street_address2": null, "county": null, "date": "2022-01-07T16:27:43.524Z", "delivery_cost": "0.00", "order_total": "0.00", "grand_total": "0.00", "original_bag": "{\"4\": 1}", "stripe_pid": "pi_3KFLHjB6E83KPDM00P4Dp93r"}}, {"model": "checkout.order", "pk": 7, "fields": {"order_number": "C7B2ED0941C9462DBD60B408E8BE3EA7", "user_profile": null, "full_name": "Suzy Bennett", "email": "suzy@suzy.com", "phone_number": "07969232282", "country": "GB", "postcode": "M25 9NA", "town_or_city": "Manchester", "street_address1": "40 Sandy Lane", "street_address2": "Prestwich", "county": null, "date": "2022-01-07T16:31:15.544Z", "delivery_cost": "0.60", "order_total": "5.99", "grand_total": "6.59", "original_bag": "{\"42\": 1}", "stripe_pid": "pi_3KFLL5B6E83KPDM01jnRF9SQ"}}, {"model": "checkout.order", "pk": 8, "fields": {"order_number": "02D73E04D4E9423E921CA63967D4F5F0", "user_profile": null, "full_name": "Mrs Suzy Bennett", "email": "dfu05229@gmail.com", "phone_number": "+447969232282", "country": "GB", "postcode": "M25 9NA", "town_or_city": "Prestwich", "street_address1": "40 Sandy Lane", "street_address2": null, "county": null, "date": "2022-01-07T16:32:30.137Z", "delivery_cost": "0.60", "order_total": "5.99", "grand_total": "6.59", "original_bag": "{\"42\": 1}", "stripe_pid": "pi_3KFLMPB6E83KPDM01Seb02Up"}}, {"model": "checkout.order", "pk": 9, "fields": {"order_number": "B425D81FC6184FA7A12DCECBE1E4F88C", "user_profile": null, "full_name": "Mrs Suzy Bennett", "email": "dfu05229@gmail.com", "phone_number": "+447969232282", "country": "GB", "postcode": "M25 9NA", "town_or_city": "Prestwich", "street_address1": "40 Sandy Lane", "street_address2": null, "county": null, "date": "2022-01-07T16:40:18.090Z", "delivery_cost": "0.40", "order_total": "3.99", "grand_total": "4.39", "original_bag": "{\"39\": {\"items_by_size\": {\"2.0mm\": 1}}}", "stripe_pid": "pi_3KFLTyB6E83KPDM012gefCxF"}}, {"model": "checkout.order", "pk": 10, "fields": {"order_number": "FBD05DCEF0CE4BBB9E64D10551188D67", "user_profile": null, "full_name": "Mrs Suzy Bennett", "email": "dfu05229@gmail.com", "phone_number": "+447969232282", "country": "GB", "postcode": "M25 9NA", "town_or_city": "Prestwich", "street_address1": "40 Sandy Lane", "street_address2": null, "county": null, "date": "2022-01-07T16:51:35.600Z", "delivery_cost": "1.30", "order_total": "12.99", "grand_total": "14.29", "original_bag": "{\"45\": 1}", "stripe_pid": "pi_3KFLewB6E83KPDM011cTQEIL"}}, {"model": "checkout.order", "pk": 11, "fields": {"order_number": "4274F22F2DA8428897EAE6E5E4349E7E", "user_profile": null, "full_name": "Mrs Suzy Bennett", "email": "dfu05229@gmail.com", "phone_number": "+447969232282", "country": "GB", "postcode": "M25 9NA", "town_or_city": "Prestwich", "street_address1": "40 Sandy Lane", "street_address2": null, "county": null, "date": "2022-01-10T12:32:36.124Z", "delivery_cost": "0.60", "order_total": "5.99", "grand_total": "6.59", "original_bag": "{\"42\": 1}", "stripe_pid": "pi_3KGN2xB6E83KPDM01AhjfpwN"}}, {"model": "checkout.order", "pk": 12, "fields": {"order_number": "E826615877904E3491C7E4F9E90F5E55", "user_profile": 3, "full_name": "Mrs Suzy Bennett", "email": "dfu05229@gmail.com", "phone_number": "+447969232282", "country": "GB", "postcode": "M25 9NA", "town_or_city": "Prestwich", "street_address1": "40 Sandy Lane", "street_address2": null, "county": null, "date": "2022-01-11T12:39:35.827Z", "delivery_cost": "3.50", "order_total": "34.98", "grand_total": "38.48", "original_bag": "{\"42\": 1, \"5\": 1}", "stripe_pid": "pi_3KGjd9B6E83KPDM01RVZHJ80"}}, {"model": "checkout.order", "pk": 13, "fields": {"order_number": "CE6BCE7E1DEB46AC8D20852F1367706F", "user_profile": 3, "full_name": "Suzy Bennett", "email": "suzy@suzy.com", "phone_number": "07969232282", "country": "GB", "postcode": "M25 9NA", "town_or_city": "Manchester", "street_address1": "40 Sandy Lane", "street_address2": "Prestwich", "county": null, "date": "2022-01-11T12:49:36.460Z", "delivery_cost": "0.00", "order_total": "0.00", "grand_total": "0.00", "original_bag": "{\"4\": 1}", "stripe_pid": "pi_3KGjmzB6E83KPDM01ikgDzzF"}}, {"model": "checkout.order", "pk": 14, "fields": {"order_number": "E2EC9CF2D94B4BFEB10DE7C3B42DB45A", "user_profile": 3, "full_name": "Mrs Suzy Bennett", "email": "dfu05229@gmail.com", "phone_number": "+447969232282", "country": "GB", "postcode": "M25 9NA", "town_or_city": "Prestwich", "street_address1": "40 Sandy Lane", "street_address2": "Prestwich", "county": null, "date": "2022-01-11T13:42:17.402Z", "delivery_cost": "2.90", "order_total": "28.99", "grand_total": "31.89", "original_bag": "{\"5\": 1}", "stripe_pid": "pi_3KGkbtB6E83KPDM00AzM1hWF"}}, {"model": "checkout.order", "pk": 15, "fields": {"order_number": "CF00FB5571DD4323BDF035E9A17D48AE", "user_profile": 3, "full_name": "Mrs Suzy Bennett", "email": "dfu05229@gmail.com", "phone_number": "+447969232282", "country": "GB", "postcode": "M25 9NA", "town_or_city": "Prestwich", "street_address1": "40 Sandy Lane", "street_address2": "Prestwich", "county": null, "date": "2022-01-12T09:08:55.845Z", "delivery_cost": "0.50", "order_total": "4.97", "grand_total": "5.47", "original_bag": "{\"47\": 1}", "stripe_pid": "pi_3KH2oxB6E83KPDM004W2iZdF"}}, {"model": "checkout.orderlineitem", "pk": 1, "fields": {"order": 1, "product": 3, "product_size": null, "quantity": 1, "lineitem_total": "46.99"}}, {"model": "checkout.orderlineitem", "pk": 2, "fields": {"order": 2, "product": 45, "product_size": null, "quantity": 1, "lineitem_total": "12.99"}}, {"model": "checkout.orderlineitem", "pk": 3, "fields": {"order": 2, "product": 2, "product_size": null, "quantity": 1, "lineitem_total": "26.99"}}, {"model": "checkout.orderlineitem", "pk": 4, "fields": {"order": 3, "product": 42, "product_size": null, "quantity": 1, "lineitem_total": "5.99"}}, {"model": "checkout.orderlineitem", "pk": 5, "fields": {"order": 3, "product": 3, "product_size": null, "quantity": 1, "lineitem_total": "46.99"}}, {"model": "checkout.orderlineitem", "pk": 6, "fields": {"order": 4, "product": 3, "product_size": null, "quantity": 1, "lineitem_total": "46.99"}}, {"model": "checkout.orderlineitem", "pk": 7, "fields": {"order": 5, "product": 1, "product_size": null, "quantity": 1, "lineitem_total": "8.99"}}, {"model": "checkout.orderlineitem", "pk": 9, "fields": {"order": 7, "product": 42, "product_size": null, "quantity": 1, "lineitem_total": "5.99"}}, {"model": "checkout.orderlineitem", "pk": 10, "fields": {"order": 8, "product": 42, "product_size": null, "quantity": 1, "lineitem_total": "5.99"}}, {"model": "checkout.orderlineitem", "pk": 11, "fields": {"order": 9, "product": 39, "product_size": "2.0mm", "quantity": 1, "lineitem_total": "3.99"}}, {"model": "checkout.orderlineitem", "pk": 12, "fields": {"order": 10, "product": 45, "product_size": null, "quantity": 1, "lineitem_total": "12.99"}}, {"model": "checkout.orderlineitem", "pk": 13, "fields": {"order": 11, "product": 42, "product_size": null, "quantity": 1, "lineitem_total": "5.99"}}, {"model": "checkout.orderlineitem", "pk": 14, "fields": {"order": 12, "product": 42, "product_size": null, "quantity": 1, "lineitem_total": "5.99"}}, {"model": "checkout.orderlineitem", "pk": 15, "fields": {"order": 12, "product": 5, "product_size": null, "quantity": 1, "lineitem_total": "28.99"}}, {"model": "checkout.orderlineitem", "pk": 17, "fields": {"order": 14, "product": 5, "product_size": null, "quantity": 1, "lineitem_total": "28.99"}}, {"model": "checkout.orderlineitem", "pk": 18, "fields": {"order": 15, "product": 47, "product_size": null, "quantity": 1, "lineitem_total": "4.97"}}, {"model": "profiles.userprofile", "pk": 1, "fields": {"user": 4, "default_phone_number": null, "default_street_address1": null, "default_street_address2": null, "default_town_or_city": null, "default_county": null, "default_postcode": null, "default_country": null}}, {"model": "profiles.userprofile", "pk": 2, "fields": {"user": 5, "default_phone_number": null, "default_street_address1": null, "default_street_address2": null, "default_town_or_city": null, "default_county": null, "default_postcode": null, "default_country": null}}, {"model": "profiles.userprofile", "pk": 3, "fields": {"user": 6, "default_phone_number": "+447969232282", "default_street_address1": "40 Sandy Lane", "default_street_address2": "Prestwich", "default_town_or_city": "Prestwich", "default_county": null, "default_postcode": "M25 9NA", "default_country": "GB"}}]